brand,category,sku,spu,product
G2G,唇部精华,G2G-2114,嘟嘟唇部精華,唇部精华链子版04透明色7g
G2G,唇部精华,G2G-2117,嘟嘟唇部精華,唇部精华链子版07南瓜
G2G,唇部精华,G2G-2111,嘟嘟唇部精華,唇部精华链子版01草莓红7g
SKT,面霜,SKINTIFIC-05,5X面霜,5X面霜
G2G,唇部精华,G2G-2115,嘟嘟唇部精華,唇部精华链子版05葡萄果冻
G2G,面霜,G2G-29,紅石榴面霜,GLAD2GLOW 紅石榴透亮保溼面霜 30g
G2G,唇部精华,G2G-2113,嘟嘟唇部精華,唇部精华链子版03葡萄紫7g
G2G,气垫,G2G-27300N,水光氣墊小銀盒,銀色氣墊00N
G2G,定妆喷雾,G2G-87,定妝噴霧,哑光定妆喷雾100ml
G2G,气垫,G2G-27301N,水光氣墊小銀盒,銀色氣墊01N
G2G,唇部精华,G2G-2112,嘟嘟唇部精華,唇部精华链子版02蜜桃橘7g
SKT,面膜,SKINTIFIC-77,艾草泥膜棒,艾草泥膜棒
SKT,面霜,SKINTIFIC-298,5X面霜清爽版,5X霜 清爽版
SKT,面霜,SKINTIFIC-05002,5X面霜,SKINTIFIC 5X神經醯胺保濕霜7g
G2G,唇部精华,G2G-2116,嘟嘟唇部精華,唇部精华链子版06樱桃汽水
SKT,面霜,SKINTIFIC-351,PDRN面霜,PDRN 霜
G2G,身体乳,G2G-271,煙酰胺身體乳,烟酰胺精华身体乳180ml
G2G,身体乳,G2G-272,A醇身體乳,视黄醇精华身体乳180ml
G2G,洗面奶,G2G-43,牛奶洁面乳,牛奶洁面80g
SKT,其他/赠品,SKINTIFIC-170,水油噴霧,水油保湿水100ml
SKT,气垫,SKINTIFIC-3261N,水光粉气垫,水光气垫01N
G2G,卸妆水,G2G-42,櫻花卸妝水,樱花温和卸妆水300ml
SKT,气垫,SKINTIFIC-3260N,水光粉气垫,水光气垫00N
G2G,气垫,G2G-27301W,水光氣墊小銀盒,銀色氣墊01W
G2G,精华,G2G-260,白松露精华喷雾,白松露水油保湿水100ml
SKT,防晒,SKINTIFIC-56002,5X防晒霜,SKINTIFIC 5X神經醯胺防曬霜7g
G2G,气垫,G2G-231N,完美氣墊粉底完美小粉盒,高遮瑕气垫01N色号
G2G,精华,G2G-221,PDRN精華,粉色PDRN精华20ml
G2G,气垫,G2G-230N,完美氣墊粉底完美小粉盒,高遮瑕气垫00N色号
G2G,精华,G2G-05,紅石榴保湿精華,GLAD2GLOW 紅石榴透亮精華17ml
SKT,爽肤水,SKINTIFIC-161,定妆喷雾,定妆喷雾
G2G,气垫,G2G-27302N,水光氣墊小銀盒,銀色氣墊02N
SKT,面膜,SKINTIFIC-65,火山泥膜棒,火山泥膜棒
SKT,精华,SKINTIFIC-347,PDRN精华,PDRN精华
SKT,防晒,SKINTIFIC-201,哑光防晒,哑光防晒 30g
SKT,防晒,SKINTIFIC-64,户外防晒喷雾,户外防晒喷雾250ml
G2G,精华,G2G-131,淨膚精華,磨皮精华15ml
G2G,气垫,G2G-232N,完美氣墊粉底完美小粉盒,高遮瑕气垫02N色号
SKT,面膜,SKINTIFIC-147,美白泥膜棒,美白泥膜棒
SKT,面霜,SKINTIFIC-157,素颜霜,素颜霜
G2G,气垫,G2G-231W,完美氣墊粉底完美小粉盒,高遮瑕气垫01W色号
SKT,洁面,SKINTIFIC-296,5X洗面奶,5X洗面奶-120mL
G2G,泥膜,G2G-27,火山泥膜棒,GLAD2GLOW火山泥潔淨泥膜棒25g
SKT,精华,SKINTIFIC-13,5X精华,5X精华
SKT,防晒,SKINTIFIC-227,哑光防晒,哑光防晒 50g
SKT,气垫,SKINTIFIC-3262N,水光粉气垫,水光气垫02N
SKT,面霜,SKINTIFIC-21,美白面霜,美白面霜
G2G,面霜,G2G-223,PDRN面霜,粉色PDRN面霜30g
SKT,气垫,SKINTIFIC-3261W,水光粉气垫,水光气垫01W
SKT,面霜,SKINTIFIC-39,377面霜,377面霜30g
SKT,气垫,SKINTIFIC-260N,無暇金氣墊,金色气垫00N
G2G,泥膜,G2G-31,艾草泥膜棒,GLAD2GLOW艾草淨膚泥膜棒25g
SKT,防晒,SKINTIFIC-56,5X防晒霜,5X防晒
SKT,气垫,SKINTIFIC-1340N,柔霧控油藍氣墊,哑光气垫00N
SKT,防晒,SKINTIFIC-212,防晒喷雾,防晒喷雾
SKT,其他/赠品,SKINTIFIC-12,5X化妝水,5X水
G2G,气垫,G2G-27302W,水光氣墊小銀盒,銀色氣墊02W
SKT,气垫,SKINTIFIC-3260W,水光粉气垫,水光气垫00W
TP,唇部,TCC138003,琉璃亮面唇漆,亮面唇漆 003
SKT,面霜,SKINTIFIC-17101N,有色面霜,有色面霜01N
SKT,气垫,SKINTIFIC-1341N,柔霧控油藍氣墊,哑光气垫01N
G2G,面霜,G2G-208,亮顏霜,素颜霜30ml
G2G,唇部精华,G2G-27504,潤色護唇膏,有色润唇膏04色
SKT,气垫,SKINTIFIC-261N,無暇金氣墊,金色气垫01N
G2G,粉饼,G2G-802,絲絨粉餅,G2G有色丝绒粉饼02色号
G2G,泥膜,G2G-45,红石榴泥膜棒,美白泥膜棒25g
G2G,粉饼,G2G-801,絲絨粉餅,G2G有色丝绒粉饼01色号
G2G,气垫,G2G-232W,完美氣墊粉底完美小粉盒,高遮瑕气垫02W色号
SKT,面膜,SKINTIFIC-31001,美白面膜,美白面膜400g
TP,唇部,TCC138007,琉璃亮面唇漆,亮面唇漆 007
SKT,面霜,SKINTIFIC-17100N,有色面霜,有色面霜00N
G2G,身体乳,G2G-77,身體素顏霜,美白身体素颜霜100ml
SKT,精华,SKINTIFIC-17,377精华,377精华
G2G,面霜,G2G-83,視黃醇面霜,视黄醇面霜30g
TP,唇部,TCC138002,琉璃亮面唇漆,亮面唇漆 002
SKT,洁面,SKINTIFIC-340,烟酰胺美白洗面奶,烟酰胺美白洗面奶120ml
G2G,面霜,G2G-07,藍莓面霜,GLAD2GLOW 藍莓保濕面霜30g
SKT,气垫,SKINTIFIC-1342N,柔霧控油藍氣墊,哑光气垫02N
G2G,精华,G2G-51,視黃醇精華,视黄醇精华17ml
SKT,精华,SKINTIFIC-269,VC亮白精华,VC双仓精华
G2G,唇部精华,G2G-27503,潤色護唇膏,有色润唇膏03色
G2G,粉饼,G2G-800,絲絨粉餅,G2G有色丝绒粉饼00色号
SKT,精华,SKINTIFIC-04,烟酰胺精华,烟酰胺精华
SKT,面霜,SKINTIFIC-17102N,有色面霜,有色面霜02N
SKT,防晒,SKINTIFIC-191,5X防晒霜,5X防晒霜
SKT,唇部精华,SKINTIFIC-123,唇部精华,唇部精华
SKT,洁面,SKINTIFIC-305,积雪草卸妆油,积雪草卸妆油
TP,唇部,TCC102007,黑管染唇液,染唇液07
SKT,面霜,SKINTIFIC-17101W,有色面霜,有色面霜01W
G2G,面霜,g2g-29,紅石榴面霜,美白面霜30g
G2G,唇部精华,G2G-27502,潤色護唇膏,有色润唇膏02色
SKT,面霜,SKINTIFIC-20,GEL面霜,GEL面霜 45g
G2G,气垫,G2G-233N,完美氣墊粉底完美小粉盒,高遮瑕气垫03N色号
TP,唇部,TCC102011,黑管染唇液,染唇液11
SKT,洁面,SKINTIFIC-129,三酸洁面,三酸洁面
SKT,气垫,SKINTIFIC-260W,無暇金氣墊,金色气垫00W
G2G,粉饼,G2G-1941,二合一粉底,二合一气垫粉饼01色
SKT,唇部精华,SKINTIFIC-1234,唇部精华,莓粉唇部精华
SKT,气垫,SKINTIFIC-262N,無暇金氣墊,金色气垫02N
G2G,面霜,G2G-215,VC保濕霜,完美VC面霜30g
SKT,面霜,SKINTIFIC-183,视黄醇面霜,视黄醇面霜
SKT,气垫,SKINTIFIC-261W,無暇金氣墊,金色气垫01W
G2G,精华,g2g-05,紅石榴保湿精華,红石榴美白精华17ml
SKT,气垫,SKINTIFIC-1340W,柔霧控油藍氣墊,哑光气垫00W
G2G,面霜,G2G-248,紅石榴面霜,烟酰胺美白面霜100g
G2G,面霜,G2G-35,377柚子保濕霜,377淡斑面霜30g
SKT,气垫,SKINTIFIC-1342W,柔霧控油藍氣墊,哑光气垫02W
SKT,气垫,SKINTIFIC-271,無暇金氣墊替換芯,金色气垫01-替
SKT,气垫,SKINTIFIC-3262W,水光粉气垫,無瑕水光粉氣墊 02W暖調象牙色
G2G,粉饼,G2G-1940,二合一粉底,二合一气垫粉饼00色
G2G,爽肤水,G2G-257,甘醇酸爽膚水,7%乙醇酸精华爽肤水100ml
G2G,泥膜,g2g-27,火山泥膜棒,火山泥固体泥膜25g
SKT,气垫,SKINTIFIC-1341W,柔霧控油藍氣墊,哑光气垫01W
SKT,精华,SKINTIFIC-180,视黄醇精华,视黄醇精华
G2G,面霜,G2G-40,积雪草保湿凝露55g,镇静舒缓啫喱55g
SKT,爽肤水,SKINTIFIC-388,PDRN精華噴霧,美白水油喷雾
G2G,爽肤水,G2G-102,積雪草化妝水,积雪草爽肤水80ml
SKT,面霜,SKINTIFIC-114,三酸祛痘面霜,三酸祛痘面霜
SKT,其他/赠品,SKINTIFIC-23,磨皮棉片,磨皮棉片
G2G,粉饼,G2G-1942,二合一粉底,二合一气垫粉饼02色
TP,唇部,TCC102006,黑管染唇液,染唇液06
G2G,卸妆油,G2G-202,積雪草卸妝油,积雪草卸妆油200ML
SKT,其他/赠品,SKINTIFIC-18,烟酰胺化妝水,烟酰胺水80ml
SKT,唇部精华,SKINTIFIC-1236,唇部精华,樱桃红唇部精华
TP,唇部,TCC102009,黑管染唇液,染唇液09
SKT,面霜,SKINTIFIC-30,5X面霜,5X面霜-80g
G2G,洗面奶,G2G-72,祛痘洁面啫喱70ml,祛痘洁面啫喱70ml
G2G,气垫,G2G-234N,完美氣墊粉底完美小粉盒,高遮瑕气垫04N色号
G2G,定妆喷雾,G2G-243,半啞光定妝噴霧,定妆喷雾100ml
G2G,粉饼,G2G-803,絲絨粉餅,G2G有色丝绒粉饼03色号
G2G,唇部精华,G2G-211嘟嘟唇系列,嘟嘟唇部精華,【GLAD2GLOW】嘟嘟水潤護唇精華 7g (多色可選)
SKT,其他/赠品,SKINTIFIC-120,祛痘凝胶,祛痘凝胶
SKT,精华,SKINTIFIC-225,红色磨皮精华,红色磨皮精华
G2G,精华,G2G-26,377柚子精華,GLAD2GLOW淨透377柚光精華17ml
SKT,气垫,SKINTIFIC-262W,無暇金氣墊,金色气垫02W
SKT,气垫,SKINTIFIC-261,無暇金氣墊,金色气垫01
TP,面部,TQD11301N,水光气垫,水光气垫01N
SKT,洁面,SKINTIFIC-92,GEL洗面奶,GEL洗面奶120ml
SKT,面霜,SKINTIFIC-09,电动眼霜,电动眼霜
G2G,面霜,G2G-82,奇异果面霜,祛痘面霜30g
SKT,气垫,SKINTIFIC-1891,柔霧控油藍氣墊替換芯,哑光蓝色气垫替换芯-01 11g
TP,唇部,TCC108001,3D水光嘟嘟,3D嘟嘟唇彩 001
SKT,防晒,SKINTIFIC-195,水感防晒乳,水感防晒乳
G2G,泥膜,g2g-31,艾草泥膜棒,艾草祛痘固体泥膜25g
TP,唇部,TCC138005,琉璃亮面唇漆,亮面唇漆 005
G2G,痘痘护理,G2G-39,水楊酸棉片,水杨酸祛痘棉片30片
SKT,洁面,SKINTIFIC-19,卸妆膏,卸妆膏
G2G,精华,G2G-214,VC精華液,完美VC精华17ml
SKT,气垫,SKINTIFIC-326NW系列,水光粉气垫,【SKINTIFIC】無瑕水光粉氣墊(多色)
SKT,洁面,SKINTIFIC-33,5X洗面奶,5X洗面奶小样
SKT,气垫,SKINTIFIC-1341,柔霧控油藍氣墊,哑光蓝色气垫01 11g
TP,唇部,TCP133009,多用唇泥,多用唇泥罐009
TP,面部,TQD11302N,水光气垫,水光气垫02N
TP,面部,TQD11300N,水光气垫,水光气垫00N
SKT,气垫,SKINTIFIC-272,無暇金氣墊替換芯,金色气垫02-替
SKT,其他/赠品,SKINTIFIC-297,祛痘粉水,祛痘粉水10ml
SKT,面霜,SKINTIFIC-334,5X面霜,5X面霜100g
G2G,面霜,G2G-38,积雪草保湿凝露30g,GLAD2GLOW 舒緩保濕凝露 30g
SKT,套组,SKINTIFIC-463001W,SKINTIFIC 旅行修護亮白組,SKINTIFIC 旅行修護亮白組
TP,唇部,TCC102402,黑管染唇液,染唇液002
G2G,洗面奶,G2G-212,VC洗面乳,完美VC洁面乳80g
TP,唇部,TCC102008,黑管染唇液,染唇液08
SKT,气垫,SKINTIFIC-2490N,光泽白气垫,光泽气垫00N
TP,唇部,TCC140012,水霧唇釉,水雾唇釉012
SKT,气垫,SKINTIFIC-2491N,光泽白气垫,光泽气垫01N
TP,唇部,TCC138004,琉璃亮面唇漆,亮面唇漆 004
SKT,面霜,SKINTIFIC-79,VC面霜,VC 面霜 30g
SKT,气垫,SKINTIFIC-134系列(含NW),柔霧控油藍氣墊,【SKINTIFIC】啞光氣墊/柔霧控油氣墊 11g (多色)
TP,唇部,TCC102001,黑管染唇液,染唇液01
SKT,防晒,SKINTIFIC-329,美白防晒霜,美白防晒霜
SKT,气垫,SKINTIFIC-263,無暇金氣墊,金色气垫03
SKT,气垫,SKINTIFIC-262,無暇金氣墊,金色气垫02
TP,唇部,TCC102401,黑管染唇液,染唇液001
G2G,面霜,G2G-250,視黃醇面霜,视黄醇面霜100g
SKT,气垫,SKINTIFIC-1340,柔霧控油藍氣墊,哑光蓝色气垫00 11g
SKT,气垫,SKINTIFIC-1892,柔霧控油藍氣墊替換芯,哑光蓝色气垫替换芯-02 11g
TP,唇部,TCC108002,3D水光嘟嘟,3D嘟嘟唇彩 002
SKT,防晒,SKINTIFIC-122,水感防晒乳,水感防晒乳30g
SKT,气垫,SKINTIFIC-1342,柔霧控油藍氣墊,哑光蓝色气垫02 11g
SKT,其他/赠品,SKINTIFIC-209,VC亮白煥亮水,SKINTIFIC-VC亮白煥亮水80ml
G2G,洗面奶,G2G-34,藍莓洗面乳,GLAD2GLOW 藍莓潔面乳 70ml
SKT,气垫,SKINTIFIC-26系列(含NW),無暇金氣墊,【SKINTIFIC】無瑕氣墊粉底液多色11g (正裝)
TP,唇部,TCP133004,多用唇泥,多用唇泥罐004
TP,唇部,TCP133001,多用唇泥,多用唇泥罐001
SKT,洁面,SKINTIFIC-40600,玫瑰奶油洁面-粉色,玫瑰奶油洁面-粉色
G2G,面霜,g2g-07,藍莓面霜,蓝莓面霜30g
G2G,精华,g2g-26,377柚子精華,柚子377精华17ml
TP,唇部,TCP133007,多用唇泥,多用唇泥罐007
TP,唇部,TCC108005,3D水光嘟嘟,3D嘟嘟唇彩 005
G2G,精华,g2g-04,水楊酸淨膚精華,积雪草祛痘精华17ml
SKT,洁面,SKINTIFIC-210,VC亮白洗面乳,SKINTIFIC-VC亮白洗面乳80ml
G2G,素颜霜,G2G-20901N,润色霜,GLAD2GLOW 柔焦裸肌潤色霜01N 30g
G2G,卸妆,G2G-222,卸妆膏,粉色卸妆膏80g
G2G,素颜霜,G2G-20902N,润色霜,GLAD2GLOW 柔焦裸肌潤色霜02N 30g
G2G,面霜,G2G-249,藍莓面霜,蓝莓修复面霜 100g
SKT,其他/赠品,SKINTIFIC-2462,定妆散粉,定妆散粉02
TP,唇部,TCC138010,琉璃亮面唇漆,亮面唇漆 010
G2G,素颜霜,G2G-20900N,润色霜,GLAD2GLOW 柔焦裸肌潤色霜00N 30g
TP,唇部,TCC102010,黑管染唇液,染唇液10
TP,唇部,TCC102012,黑管染唇液,染唇液12
TP,唇部,TCC138008,琉璃亮面唇漆,亮面唇漆 008
TP,唇部,TCC102016,黑管染唇液,染唇液16
SKT,其他/赠品,SKINTIFIC-2461,定妆散粉,定妆散粉01
SKT,防晒,SKINTIFIC-293,美白防晒霜,美白防晒霜
G2G,面霜,g2g-38,积雪草保湿凝露30g,镇静舒缓啫喱30g
SKT,洁面,SKINTIFIC-31,洁面慕斯,洁面慕斯
SKT,面霜,SKINTIFIC-426001,B5面霜,5%B5神经酰胺修复面霜
TP,眼部,TYX109001,單頭眼線液筆,单头眼线液笔01
SKT,气垫,SKINTIFIC-1343,柔霧控油藍氣墊,哑光蓝色气垫03 11g
SKT,唇部精华,SKINTIFIC-1235,唇部精华,桃色唇部精华
G2G,素颜霜,G2G-20903N,润色霜,GLAD2GLOW 柔焦裸肌潤色霜03N 30g
TP,唇部,TCC102017,黑管染唇液,染唇液17
TP,定妆喷雾,TDW106000,定妝噴霧,哑面定妆喷雾
SKT,面霜,SKINTIFIC-90,美白面霜,美白面霜-80g
TP,面部,TGG107001,雙頭修容棒,双头修容棒01
SKT,气垫,SKINTIFIC-2491W,光泽白气垫,光泽气垫01W
TP,唇部,TCC140006,水霧唇釉,水雾唇釉006
G2G,卸妆油,G2G-201,積雪草卸妝油,积雪草卸妆油100ML
G2G,其他/赠品,盲袋條碼,ggbaby盲袋,贈品-G2G毛絨水果掛件盲袋
SKT,气垫,SKINTIFIC-2490W,光泽白气垫,光泽气垫00W
TP,唇部,TCP133006,多用唇泥,多用唇泥罐006
SKT,洁面,SKINTIFIC-413,5X卸妆水,5X卸妆水400ml
SKT,面霜,SKINTIFIC-05(2入),5X面霜,【SKINTIFIC】神經醯胺保濕霜30g(2入組)
SKT,其他/赠品,SKINTIFIC-295,依克多因舒缓洁颜蜜,依克多因舒缓洁颜蜜80ml
TP,唇部,TCC104008,紫管絲絨,丝绒唇釉08
TP,唇部,TCC138011,琉璃亮面唇漆,亮面唇漆 011
TP,唇部,TCC140001,水霧唇釉,水雾唇釉001
TP,唇部,TCC102403,黑管染唇液,染唇液003
TP,唇部,TCC108007,3D水光嘟嘟,3D嘟嘟唇彩 007
TP,唇部,TCC108012,3D水光嘟嘟,3D嘟嘟唇彩 012
SKT,气垫,SKINTIFIC-273,無暇金氣墊替換芯,金色气垫03-替
TP,唇部,TCP133011,多用唇泥,多用唇泥罐011
TP,唇部,TCC108003,3D水光嘟嘟,3D嘟嘟唇彩 003
SKT,面膜,SKINTIFIC-08,艾草泥膜,艾草泥膜
SKT,气垫,SKINTIFIC-1893,柔霧控油藍氣墊替換芯,哑光蓝色气垫替换芯-03 11g
TP,唇部,TCC138001,琉璃亮面唇漆,亮面唇漆 001
TP,唇部,TCC102018,黑管染唇液,染唇液18
TP,唇部,TCP133002,多用唇泥,多用唇泥罐002
SKT,洁面,SKINTIFIC-411,美白卸妆水,美白卸妆水400ml
G2G,气垫,G2G-23NW系列,完美氣墊粉底完美小粉盒,【GLAD2GLOW】完美氣墊粉底11g (多色可選)
TP,眼部,TYX109002,單頭眼線液筆,单头眼线液笔02
G2G,洗面奶,g2g-34,藍莓洗面乳,蓝莓洁面70ml
SKT,气垫,SKINTIFIC-2492N,光泽白气垫,光泽气垫02N
G2G,唇部精华,G2G-211嘟嘟唇系列(2入),嘟嘟唇部精華,【GLAD2GLOW】嘟嘟水潤護唇精華7g 2入組(多色可選)
TP,面部,TGG107002,雙頭修容棒,双头修容棒02
TP,唇部,TCC140009,水霧唇釉,水雾唇釉009
SKT,其他/赠品,SKINTIFIC-57,潔顏蜜,SKINTIFIC潔顏蜜80ml
TP,唇部,TCC138009,琉璃亮面唇漆,亮面唇漆 009
TP,唇部,TCC138006,琉璃亮面唇漆,亮面唇漆 006
TP,面部,TSH119003,液體腮紅,液体腮红03
TP,唇部,TCP133008,多用唇泥,多用唇泥罐008
TP,唇部,TCC104042,紫管絲絨,丝绒唇釉002
TP,唇部,TCC140014,水霧唇釉,水雾唇釉014
SKT,气垫,SKINTIFIC-2492W,光泽白气垫,光泽气垫02W
TP,唇部,TCC104044,紫管絲絨,丝绒唇釉004
TP,唇部,TCP133010,多用唇泥,多用唇泥罐010
TP,唇部,TCC104009,紫管絲絨,丝绒唇釉09
TP,唇部,TCC104043,紫管絲絨,丝绒唇釉003
SKT,气垫,SKINTIFIC-1343N,柔霧控油藍氣墊,哑光气垫03N
TP,唇部,TCC108010,3D水光嘟嘟,3D嘟嘟唇彩 010
TP,唇部,TCC140002,水霧唇釉,水雾唇釉002
TP,唇部,TCP133013,多用唇泥,多用唇泥罐013
SKT,气垫,SKINTIFIC-1343W,柔霧控油藍氣墊,哑光气垫03W
SKT,洁面,SKINTIFIC-01,5X洗面奶,SKINTIFIC 5X神經醯胺洗面乳80ml
TP,唇部,TCC138012,琉璃亮面唇漆,亮面唇漆 012
G2G,洗面奶,G2G-251,火山洗面奶,火山泥洁面乳70ml
SKT,洁面,SKINTIFIC-44,烟酰胺美白洗面奶,SKINTIFIC菸醯胺亮白洗面乳80ml
SKT,唇部精华,SKINTIFIC-123唇部系列,唇部精华,【SKINTIFIC】亮采潤澤唇部精華 (多色)
TP,唇部,TCC102014,黑管染唇液,染唇液14
TP,唇部,TCP133012,多用唇泥,多用唇泥罐012
TP,唇部,TCP133005,多用唇泥,多用唇泥罐005
SKT,面霜,SKINTIFIC-298(2入),5X面霜清爽版,【SKINTIFIC】神經醯胺保濕霜-清爽型30g(2入組)
TP,唇部,TCC140013,水霧唇釉,水雾唇釉013
TP,唇部,TCC140016,水霧唇釉,水雾唇釉016
TP,面部,TFB12201N,遮瑕粉饼,磨皮遮瑕粉饼01N
SKT,面霜,SKINTIFIC-105,啵啵霜,啵啵霜30g
SKT,面霜,SKINTIFIC-17102W,有色面霜,有色面霜02W
SKT,面霜,SKINTIFIC-1710NW系列,潤色霜,【SKINTIFIC】柔霧濾鏡潤色霜 28g (多色)
TP,唇部,TCC104001,紫管絲絨,丝绒唇釉01
TP,唇部,TCC108011,3D水光嘟嘟,3D嘟嘟唇彩 011
SKT,其他/赠品,SKINTIFIC-2463,定妆散粉,定妆散粉03
SKT,其他/赠品,SKINTIFIC-246蜜粉系列,柔霧定妝蜜粉,【SKINTIFIC】柔霧定妝蜜粉 10g (多色)
SKT,其他/赠品,SKINTIFIC-2463A,定妆散粉,定妆散粉03A
TP,唇部,TCC104005,紫管絲絨,丝绒唇釉05
TP,面部,TSH119002,液體腮紅,液体腮红02
TP,唇部,TCC102003,黑管染唇液,染唇液03
TP,唇部,TCC123001,銀管不沾杯唇釉,0感哑光不沾杯唇釉001
TP,唇部,TCC140015,水霧唇釉,水雾唇釉015
G2G,气垫,G2G-27303N,水光氣墊小銀盒,銀色氣墊03N
TP,唇部,TCC140007,水霧唇釉,水雾唇釉007
SKT,气垫,SKINTIFIC-27系列(金氣墊補充),無暇金氣墊替換芯,【SKINTIFIC】無暇氣墊粉底液11g (替換裝)多色
SKT,精华,SKINTIFIC-170(2入),唇部精华,【SKINTIFIC】亮膚精華噴霧100ml*2入
TP,唇部,TCC104003,紫管絲絨,丝绒唇釉03
TP,面部,TFB12200N,遮瑕粉饼,磨皮遮瑕粉饼00N
TP,唇部,TCC102020,黑管染唇液,染唇液20
TP,面部,TSH119005,液體腮紅,液体腮红05
SKT,面霜,修復套組(s05+s13),5X神經醯胺保濕組 (保濕霜+保濕精華),【SKINTIFIC】5X神經醯胺保濕組 (保濕霜+保濕精華)
TP,唇部,TCC102002,黑管染唇液,染唇液02
TP,唇部,TCC102404,黑管染唇液,染唇液004
TP,唇部,TCC123002,銀管不沾杯唇釉,0感哑光不沾杯唇釉002
G2G,面霜,G2G-306,B5修复霜,B5修复面霜30ml
TP,唇部,TCC104002,紫管絲絨,丝绒唇釉02
TP,唇部,TCC123004,銀管不沾杯唇釉,0感哑光不沾杯唇釉004
TP,唇部,TCC102004,黑管染唇液,染唇液04
TP,唇部,TCC104041,紫管絲絨,丝绒唇釉001
SKT,气垫,SKINTIFIC-249NW系列,光泽白气垫,【SKINTIFIC】光澤氣墊(多色)11g
TP,唇部,TCC104007,紫管絲絨,丝绒唇釉07
TP,唇部,TCC104012,紫管絲絨,丝绒唇釉12
G2G,气垫,G2G-27304N,水光氣墊小銀盒,銀色氣墊04N
G2G,粉饼,G2G-80系列,絲絨粉餅,【GLAD2GLOW】絲絨粉餅8.5g (多色可選)
TP,唇部,TCC102022,黑管染唇液,染唇液22
TP,面部,TFB12202N,遮瑕粉饼,磨皮遮瑕粉饼02N
SKT,面霜,SKINTIFIC-28,5X面霜,5X面霜小样-6g
G2G,面霜,G2G-3061,B5修复霜,B5修复面霜50ml
TP,唇部,TCC102021,黑管染唇液,染唇液21
SKT,面霜,SKINTIFIC-351(2入),PDRN面霜,【SKINTIFIC】PDRN面霜雙入組
SKT,精华,SKINTIFIC-86,修護精華,SKINTIFIC修護精華20ml
TP,唇部,TCC123003,銀管不沾杯唇釉,0感哑光不沾杯唇釉003
TP,眼部,TMB110002,自動眉筆,自动眉笔02深棕色
TP,唇部,TCC102019,黑管染唇液,染唇液19
TP,唇部,TCC102015,黑管染唇液,染唇液15
TP,唇部,TCC123005,銀管不沾杯唇釉,0感哑光不沾杯唇釉005
TP,面部,TGG107003,雙頭修容棒,双头修容棒03
TP,唇部,TCC102005,黑管染唇液,染唇液05
TP,唇部,TCC102013,黑管染唇液,染唇液13
TP,眼部,TMB110004,自動眉筆,自动眉笔04深灰
TP,面部,TSH119007,液體腮紅,液体腮红07
SKT,面霜,PDRN組(s351+s347),PDRN亮白柔嫩組(保濕霜30g+保濕精華20ml),【SKINTIFIC】PDRN亮白柔嫩組(保濕霜30g+保濕精華20ml)
SKT,面膜,泥膜棒組(S77+S65+S147),泥膜棒組(艾草+火山泥+菸鹼醯胺粉),【SKINTIFIC】泥膜棒組(艾草+火山泥+菸鹼醯胺粉)
TP,唇部,TCC102023,黑管染唇液,染唇液23
SKT,唇部精华,唇部精華(2入),唇部精华,【SKINTIFIC】亮采潤澤唇部精華 2入任選
TP,唇部,TCC104004,紫管絲絨,丝绒唇釉04
TP,唇部,TCC104006,紫管絲絨,丝绒唇釉06
SKT,爽肤水,SKINTIFIC-161(2入),定妝噴霧,【SKINTIFIC】啞光柔霧定妝噴霧2入組
G2G,套组,G2G-23NW系列+G2G-80系列,氣墊+粉餅,【GLAD2GLOW】全天持久底妝組合 (完美氣墊粉底+絲絨粉餅)
SKT,面霜,SKINTIFIC-91,美白面霜,美白面霜小样6g
TP,唇部,TCC102026,黑管染唇液,染唇液26
TP,唇部,TCC102027,黑管染唇液,染唇液27
SKT,面霜,視黃醇保養組(s180+s183),視黃醇保養組 (精華+面霜),【SKINTIFIC】視黃醇保養組 (精華+面霜)
SKT,防晒,SKINTIFIC-64(3入),戶外防曬噴霧,【SKINTIFIC】5x戶外防曬噴霧250ml (超值3入組)
G2G,其他/赠品,8.81E+12,ggbaby盲袋,GLAD2GLOW 毛絨水果掛件盲袋
TP,唇部,TCC104011,紫管絲絨,丝绒唇釉11
SKT,面膜,未對照-300983,SKINTIFIC艾草固體泥膜棒40g(試用品),SKINTIFIC艾草固體泥膜棒40g(試用品)
SKT,防晒,SKINTIFIC-212(3入),水晶防曬噴霧,【SKINTIFIC】水晶防曬噴霧 70ml(3入組)
G2G,爽肤水,G2G-104,红石榴化妆水,GLAD2GLOW 紅石榴化妝水80ml
TP,唇部,TCP133003,多用唇泥,多用唇泥罐003
SKT,面膜,SKINTIFIC-40,清洁泥膜,清洁泥膜
SKT,精华,未對照-303640,SKINTIFIC菸醯胺亮白精華20ml(試用品),SKINTIFIC菸醯胺亮白精華20ml(試用品)
SKT,其他/赠品,亮白肌膚加強組(s17+s39),【SKINTIFIC】亮白肌膚加強組,【SKINTIFIC】亮白肌膚加強組
SKT,精华,未對照-300981,SKINTIFIC神經醯胺修復精華20ml(試用品),SKINTIFIC神經醯胺修復精華20ml(試用品)
SKT,防晒,未對照-308131,SKINTIFIC啞光防曬霜50g SPF50+ PA++++(試用品),SKINTIFIC啞光防曬霜50g SPF50+ PA++++(試用品)
G2G,套组,G2G-165Y,,GLAD2GLOW 紅石榴美白套組
G2G,套组,G2G-166Y,,GLAD2GLOW 藍莓修護套組
TP,唇部,TCC102028,黑管染唇液,染唇液28
SKT,气垫,SKINTIFIC-26系列(含NW)(2入),無暇金氣墊,【SKINTIFIC】無瑕氣墊粉底液多色11g(2入組)
SKT,气垫,SKINTIFIC-326NW系列(2入),水光粉气垫,【SKINTIFIC】無瑕水光粉氣墊2入(任選)
SKT,防晒,未對照-308130,SKINTIFIC啞光防曬霜30g SPF50+ PA++++(試用品),SKINTIFIC啞光防曬霜30g SPF50+ PA++++(試用品)
SKT,精华,未對照-311913,SKINTIFIC亮膚精華噴霧100ml(試用品),SKINTIFIC亮膚精華噴霧100ml(試用品)
TP,唇部,TCC104010,紫管絲絨,丝绒唇釉10
